INSERT INTO `classroom` (`id`, `capacity`, `number`) VALUES	(1, 90, '606'),	(2, 30, '410'),	(3, 120, '433'),	(4, 30, '351'),	(5, 30, '348'),	(6, 30, '324'),	(7, 30, '419'),	(8, 30, '409'),	(9, 30, '346'),	(10, 30, '350'),	(11, 30, '407'),	(12, 30, '404'),	(13, 30, '120');
INSERT INTO `curriculum` (`id`, `exam`, `hours`, `semester`, `setoff`, `IdDiscipline`, `IdSpecialty`) VALUES	(1, true, 120, 1, false, 8, 1),	(2, false, 90, 1, true, 9, 4),	(3, true, 100, 1, true, 9, 4),	(4, true, 90, 1, true, 9, 4),	(5, true, 90, 2, true, 9, 4),	(6, false, 60, 2, true, 9, 4),	(7, false, 90, 1, true, 9, 4);
 
INSERT INTO `department` (`id`, `description`, `name`) VALUES	(1, 'Описание кафедры читайте на сайте БГУ', 'Кафедра алгебры и защиты информации '),	(2, 'Описание кафедры читайте на сайте БГУ', 'Кафедра дифференциальных уравнений и системного анализа'),	(3, 'Описание кафедры читайте на сайте БГУ', 'Кафедра функционального анализа'),	(4, 'Описание кафедры читайте на сайте БГУ', 'Кафедра Веб-технологий и компьютерного моделирования '),	(5, 'Описание кафедры читайте на сайте БГУ', 'Кафедра теории функций'),	(6, 'Описание кафедры читайте на сайте БГУ', 'Кафедра математической кибернетики'),	(7, 'Описание кафедры читайте на сайте БГУ', 'Кафедра геометрии, топологии и методики преподавания математики'),	(8, 'Описание кафедры читайте на сайте БГУ', 'Кафедра общей математики и информатики'),	(9, 'Описание кафедры читайте на сайте БГУ', 'Кафедра теоретической и прикладной механики'),	(10, 'Описание кафедры читайте на сайте БГУ', 'Кафедра нелинейного анализа и аналитической экономики'),	(11, 'Описание кафедры читайте на сайте БГУ', 'Учебный центр информационных технологий'),	(12, 'Описание кафедры читайте на сайте БГУ', 'Кафедра био- и наномеханики');
 
INSERT INTO `discipline` (`id`, `name`, `IdDisciplineType`) VALUES	(1, 'Численные методы', 1),	(2, 'УМФ', 1),	(3, 'Математическая Статистика', 1),	(4, 'Системный анализ', 1),	(5, 'Компьютерная математика', 1),	(6, 'Философия', 2),	(7, 'Тестирование', 2),	(8, 'Методы оптимизации', 2),	(9, 'Теоретическая механика', 1),	(10, 'МатЛаб', 2),	(11, 'Компьютерные сети', 2);
 
INSERT INTO `disciplinetime` (`id`, `breakTime`, `endTime`, `number`, `startTime`) VALUES	(1, 0, '2013-02-11 09:45:00', 1, '2013-02-11 08:15:00'),	(2, 0, '2013-02-11 11:05:00', 2, '2013-02-11 09:45:00'),	(3, 0, '2013-02-11 12:35:00', 3, '2013-02-11 11:15:00'),	(4, 0, '2013-02-11 14:05:00', 4, '2013-02-11 12:45:00'),	(5, 0, '2013-02-11 15:35:00', 5, '2013-02-11 14:15:00'),	(6, 0, '2013-02-11 17:05:00', 6, '2013-02-11 15:45:00'),	(7, 0, '2013-02-11 18:35:00', 7, '2013-02-11 17:15:00'),	(8, 10, '2013-02-11 20:05:00', 8, '2013-02-11 18:45:00');
 
INSERT INTO `disciplinetype` (`id`, `type`) VALUES	(1, 'lecture'),	(2, 'practice');
 
INSERT INTO `lecturer` (`id`, `IdDepartment`) VALUES	(6, 1),	(16, 4),	(13, 6);
 
INSERT INTO `schedule` (`id`, `dayOfWeek`, `everyNWeek`, `IdClassroom`, `IdDisciplineTime`, `IdStudy`) VALUES	(1, 1, 1, 3, 1, 2),	(2, 1, 1, 6, 2, 3),	(3, 1, 1, 6, 3, 3),	(4, 1, 1, 1, 4, 4);
 
INSERT INTO `specialty` (`id`, `description`, `name`) VALUES	(1, 'Математика. Экономическая деятельность', 'Математик-экономист'),	(2, 'Математика. Программирование искусственного интеллекта', 'Математик-программист'),	(3, 'Математика. Преподовательская деятельность', 'Математик-препод'),	(4, 'Математика. Производственная деятельность', 'Математик');
 
INSERT INTO `student` (`dateOfEntrance`, `praepostor`, `id`, `IdGroup`) VALUES	('2013-02-11 21:52:31', NULL, 1, 2),	('2013-02-11 21:52:59', NULL, 3, 3);
 
INSERT INTO `study` (`id`, `IdCurriculum`, `IdGroup`, `IdLecturer`) VALUES	(1, 1, 2, 6),	(2, 2, 1, 13),	(3, 3, 3, 16),	(4, 7, 1, 6);
 
INSERT INTO `studygroup` (`id`, `name`, `year`, `IdMainGroup`, `IdSpecialty`) VALUES	(1, '9', 2008, NULL, 1),	(2, '9a', 2008, 1, 1),	(3, '9b', 2008, 1, 1),	(4, '2', 2008, NULL, 2),	(5, '2b', 2008, 4, 2),	(6, '2a', 2008, 4, 2);
 
INSERT INTO `usermmf` (`id`, `admin`, `login`, `name`, `password`, `passwordFormat`, `passwordSalt`, `patronymic`, `surname`) VALUES	(1, true, 'yasvedko', 'Светаланка', '6LYO+ZcuMaDDMASY32JnEG9Wq5k=', 'SHA-1', '1cWqu6bebBE=', 'Геннадьевна', 'Войтех'),	(2, true, 'mkostin', 'Максим', '881Tv7Un0fhuwshDaIPWRMgqYjs=', 'SHA-1', 'igXbZDq3604=', 'Витальевич', 'Костин'),	(3, false, 'varvara', 'Варвара', 'u/ocoUzNG4ob7AkoWalTKAQUXJ8=', 'SHA-1', 'ALdZdlxCxGQ=', NULL, 'Тимошкина'),	(4, false, 'suzdal', '', '9UxTJRZR4MW0cZjocrvPlowFC94=', 'SHA-1', 'R9r3UUzxzsk=', NULL, 'Суздаль'),	(5, false, 'volkov', '', 'bWF4sB79UZiAg3+w1r1y41t0l60=', 'SHA-1', 'bGkhpyXKauY=', NULL, 'Волков'),	(6, false, 'ekrylov', '', 'vakZ9SWDCATRN4cbA/QP/hZsU+E=', 'SHA-1', 'nkFyIP65sTM=', NULL, 'Крылов'),	(7, false, 'urchyk', '', 'GACYDZeLjc4WJrqpXaZxy6Rw8TE=', 'SHA-1', '1RF01ttypCQ=', NULL, 'Юрчук'),	(8, false, 'atrohov', '', 'Na3cNOLojV0n+NHaIL5aO/Eniqc=', 'SHA-1', 'MzfajY9vPR4=', NULL, 'Атрохов'),	(9, false, 'yablonskii', '', 'LjoPgANHWr5NZHHz/l3B/Nw/3qI=', 'SHA-1', 'aMmqa040Gzo=', NULL, 'Яблонский'),	(10, false, 'savchyk', '', 'HapfU3leLc2o9g8oE7/b1MPyR2k=', 'SHA-1', 'qACmuKx4DwU=', NULL, 'Савчук'),	(11, false, 'myham', '', '3qd+RBg5ljgTjT61pTjvMo8eH3g=', 'SHA-1', 'ae+NV8TQwVA=', NULL, 'Мухаметов'),	(12, false, 'protop', '', '0hvfBTt4fbz2392b3D0Ilrp45jI=', 'SHA-1', '+RTp65aIuMU=', NULL, 'Протапопов'),	(13, false, 'lipnic', '', 'jO9EaOa7D0WuekxSLTNZea1jTOM=', 'SHA-1', '4t/35devRB8=', NULL, 'Липницкий'),	(14, false, 'pindrik', '', 'NbwHfnqxCkIkYABuyt2u2zQrzmQ=', 'SHA-1', '4FZgzYnZb1w=', NULL, 'Пиндрик'),	(15, false, 'yakimen', '', 'RngahZPcGeJaoRPrkumJNnwsL8U=', 'SHA-1', 'HBX9NiiBu70=', NULL, 'Якименко'),	(16, false, 'medved', '', 'Gf9AsULYnk3d03RISnADci4IIOc=', 'SHA-1', 'dMks2ZSZWh8=', NULL, 'Медведева'),	(17, false, 'sergei', '', 'ENrbiFNb/lkWUmq0xAbzyRPvB9s=', 'SHA-1', '6B9hoVBW4QU=', NULL, 'Сергеевич'),	(18, false, 'grigor', '', 'q67mnByLN7FKE8uX0XIUglfP4kM=', 'SHA-1', 'eJJD/RYxDbQ=', NULL, 'Григорьев'),	(19, false, 'radaeva', '', 'mZyZDCKjYTuu+cn/pJHbqQBy9SY=', 'SHA-1', '5ugSUw9uApE=', NULL, 'Радаева');